x,y
40,-909
43,-907
46,-905
49,-903
52,-901
56,-897
60,-893
64,-890
66,-493
68,-483
68,-886
69,-511
69,-524
69,-538
69,-552
69,-566
70,-581
72,-478
72,-597
72,-611
72,-882
72,-908
75,-473
76,-878
76,-904
79,-504
79,-875
80,-586
80,-900
81,-519
81,-533
81,-547
81,-560
81,-573
82,-469
82,-498
82,-640
82,-871
83,-459
83,-617
83,-898
84,-604
85,-426
85,-438
85,-450
85,-486
85,-867
86,-377
86,-403
86,-415
86,-896
88,-367
88,-865
89,-343
89,-356
89,-396
89,-894
90,-485
91,-333
91,-862
92,-323
92,-395
92,-598
93,-313
93,-532
93,-558
93,-622
93,-891
94,-291
94,-303
94,-546
94,-573
94,-587
95,-269
95,-356
95,-394
95,-520
95,-679
95,-699
95,-719
95,-739
95,-759
95,-779
95,-799
95,-819
95,-839
95,-859
95,-890
96,-282
96,-420
96,-434
96,-473
97,-260
97,-449
97,-510
97,-616
98,-345
98,-372
98,-463
98,-887
99,-240
99,-252
99,-384
99,-615
100,-229
100,-490
101,-304
101,-326
101,-337
101,-674
102,-207
102,-220
102,-281
102,-882
103,-396
104,-196
104,-280
104,-299
104,-320
104,-359
104,-509
104,-861
105,-184
105,-540
105,-569
105,-611
105,-874
106,-271
106,-358
106,-585
106,-599
106,-666
107,-177
107,-241
107,-253
107,-377
107,-422
107,-438
107,-508
107,-557
108,-220
108,-454
109,-266
109,-389
109,-421
109,-535
109,-908
110,-168
110,-470
110,-485
110,-897
111,-209
111,-236
111,-299
111,-320
111,-353
111,-420
111,-857
111,-873
113,-198
113,-235
113,-402
113,-500
113,-657
113,-872
113,-890
114,-160
114,-343
114,-414
114,-644
115,-266
115,-295
115,-316
115,-588
115,-852
115,-871
116,-191
116,-234
116,-379
116,-534
117,-150
117,-180
117,-221
117,-257
117,-286
117,-393
117,-454
117,-577
117,-618
117,-634
117,-851
118,-444
118,-562
119,-377
119,-471
119,-533
119,-607
120,-140
120,-735
120,-755
120,-775
120,-795
120,-815
120,-835
120,-905
121,-173
121,-210
121,-284
121,-342
122,-234
122,-469
122,-491
122,-518
122,-675
122,-893
123,-283
123,-372
123,-561
123,-722
123,-872
124,-132
124,-164
124,-192
124,-256
124,-317
124,-341
124,-892
125,-206
125,-223
125,-424
125,-443
125,-507
125,-663
125,-853
126,-272
126,-367
126,-560
126,-636
126,-693
126,-871
127,-124
127,-190
127,-255
127,-340
127,-413
127,-891
128,-161
128,-468
128,-603
128,-656
128,-717
128,-870
129,-313
129,-536
129,-559
130,-154
130,-184
130,-252
130,-404
130,-591
130,-632
130,-869
131,-123
131,-223
131,-239
131,-312
131,-443
132,-558
132,-621
133,-179
133,-238
133,-311
133,-467
134,-122
134,-149
134,-396
134,-496
134,-620
134,-710
135,-178
135,-218
135,-511
135,-528
135,-557
135,-687
135,-850
135,-863
136,-121
136,-148
136,-208
136,-342
136,-466
137,-290
137,-308
137,-384
137,-910
138,-207
138,-371
138,-432
138,-556
138,-657
138,-681
138,-843
139,-173
139,-704
140,-237
140,-495
140,-901
141,-120
141,-201
141,-282
141,-370
141,-596
141,-611
142,-148
142,-168
142,-424
142,-448
142,-676
142,-838
142,-900
143,-466
143,-548
143,-732
144,-119
144,-167
144,-198
144,-232
144,-369
144,-494
144,-529
144,-595
144,-650
144,-675
144,-899
145,-261
145,-278
145,-308
145,-415
145,-791
145,-819
145,-833
146,-118
146,-166
146,-751
146,-765
146,-898
147,-195
147,-226
147,-260
147,-343
147,-402
147,-493
147,-594
147,-674
147,-727
147,-779
147,-807
147,-868
148,-307
148,-360
148,-643
148,-884
149,-116
149,-147
149,-165
149,-259
149,-342
149,-401
149,-523
149,-630
150,-191
150,-492
150,-593
151,-146
151,-222
151,-258
151,-306
151,-400
151,-449
151,-548
151,-722
152,-468
152,-708
152,-864
153,-110
153,-145
153,-340
153,-399
153,-441
153,-670
154,-490
154,-547
154,-707
155,-144
155,-218
155,-255
155,-398
155,-571
155,-669
155,-752
156,-190
156,-302
156,-706
157,-143
157,-167
157,-434
157,-489
157,-588
157,-629
157,-751
157,-800
157,-827
157,-841
157,-859
157,-902
158,-106
158,-189
158,-214
158,-339
158,-786
159,-142
159,-372
159,-386
159,-433
159,-663
159,-705
159,-773
159,-816
159,-888
160,-250
160,-294
160,-541
160,-628
161,-105
161,-338
161,-432
161,-469
161,-652
161,-887
162,-133
162,-184
162,-209
162,-249
162,-293
162,-369
162,-528
162,-704
162,-748
163,-431
163,-468
163,-627
163,-886
164,-337
164,-860
165,-127
165,-292
165,-467
165,-491
165,-527
165,-573
165,-885
166,-101
166,-179
166,-208
166,-590
167,-244
167,-701
167,-743
167,-817
167,-884
168,-100
168,-126
168,-169
168,-404
168,-526
168,-610
168,-624
168,-845
169,-370
169,-427
169,-570
169,-803
170,-99
170,-148
170,-168
170,-203
170,-331
170,-403
170,-466
170,-789
171,-125
171,-525
171,-695
172,-239
172,-287
172,-422
172,-560
172,-609
172,-670
172,-777
172,-837
173,-98
173,-162
173,-196
173,-465
173,-685
173,-742
173,-884
174,-124
174,-238
174,-324
174,-395
174,-523
174,-864
175,-279
175,-369
175,-608
175,-659
175,-775
176,-97
176,-189
176,-323
176,-394
176,-464
176,-741
176,-863
177,-149
177,-514
177,-658
178,-322
178,-393
178,-500
178,-821
179,-96
179,-185
179,-233
179,-272
179,-463
179,-595
179,-769
179,-837
179,-862
180,-361
180,-392
180,-561
180,-807
181,-164
181,-423
181,-594
181,-861
182,-95
182,-125
182,-148
182,-310
182,-352
182,-391
182,-736
182,-766
183,-178
183,-222
183,-267
183,-452
183,-650
183,-805
183,-860
184,-390
184,-583
184,-711
184,-724
185,-266
185,-351
185,-639
185,-697
185,-765
185,-804
185,-859
186,-93
186,-212
186,-303
186,-389
186,-444
186,-685
186,-894
187,-124
187,-143
187,-501
187,-561
187,-764
187,-803
187,-858
188,-637
189,-92
189,-123
189,-164
189,-178
189,-262
189,-350
189,-500
189,-560
190,-205
190,-380
190,-618
190,-636
190,-681
190,-838
190,-856
191,-122
191,-163
191,-247
191,-297
191,-426
191,-526
192,-91
192,-329
192,-349
192,-444
192,-617
192,-760
192,-799
193,-121
193,-196
193,-296
193,-548
193,-586
193,-669
194,-157
194,-238
194,-328
194,-379
194,-472
194,-497
195,-120
195,-195
195,-295
195,-346
195,-547
195,-668
195,-739
195,-752
196,-146
196,-605
196,-724
196,-795
197,-119
197,-294
197,-378
197,-667
197,-712
197,-839
197,-910
198,-90
198,-193
198,-230
198,-546
199,-293
199,-422
199,-444
199,-491
199,-791
199,-838
200,-180
200,-192
200,-265
200,-328
200,-377
200,-666
200,-781
200,-860
200,-899
201,-89
201,-292
201,-443
201,-472
201,-545
201,-585
201,-705
202,-115
202,-158
202,-229
202,-264
202,-416
202,-772
202,-898
203,-642
203,-665
204,-87
204,-173
204,-376
204,-624
204,-741
204,-897
205,-113
205,-157
205,-228
205,-287
205,-410
205,-605
205,-701
206,-147
206,-260
206,-349
206,-540
206,-740
206,-765
207,-85
207,-112
207,-362
207,-375
207,-438
207,-579
207,-663
207,-831
208,-227
208,-348
208,-471
208,-604
208,-793
208,-895
209,-495
209,-763
210,-84
210,-142
210,-512
210,-535
210,-730
210,-823
211,-226
211,-332
211,-346
211,-430
211,-470
211,-603
211,-785
211,-885
212,-534
212,-642
212,-729
212,-813
212,-862
213,-135
213,-175
213,-662
214,-112
214,-191
214,-225
214,-411
214,-423
214,-533
214,-579
214,-602
214,-704
214,-878
215,-83
215,-160
215,-174
215,-204
215,-263
215,-661
215,-808
215,-849
216,-111
216,-134
216,-224
216,-290
216,-331
216,-532
216,-578
216,-703
217,-378
217,-497
217,-635
217,-660
217,-784
218,-110
218,-223
218,-460
218,-765
218,-848
219,-82
219,-133
219,-157
219,-349
219,-410
219,-576
219,-702
219,-729
219,-800
220,-109
220,-287
220,-371
221,-156
221,-659
221,-846
222,-311
222,-324
222,-452
222,-701
222,-761
223,-348
223,-497
223,-569
224,-105
224,-177
224,-265
224,-427
224,-478
224,-520
224,-700
224,-785
224,-836
224,-877
224,-903
225,-223
225,-408
225,-444
225,-534
225,-568
225,-800
226,-78
226,-155
226,-264
226,-287
226,-346
226,-371
226,-608
226,-655
226,-755
226,-815
226,-825
227,-134
227,-211
227,-426
227,-567
227,-636
228,-101
228,-154
228,-199
228,-477
228,-654
228,-696
228,-895
229,-77
229,-263
229,-340
229,-402
229,-566
229,-635
229,-799
230,-133
230,-153
230,-695
230,-752
230,-877
231,-95
231,-312
231,-339
231,-476
232,-262
232,-565
232,-797
232,-876
233,-152
233,-179
233,-311
233,-396
233,-425
233,-522
233,-632
233,-739
234,-124
234,-373
234,-564
234,-608
234,-692
234,-785
234,-796
235,-77
235,-199
235,-310
235,-335
235,-472
235,-506
235,-828
235,-853
235,-875
236,-372
236,-738
237,-116
237,-151
237,-462
237,-555
237,-607
237,-820
238,-76
238,-229
238,-258
238,-421
238,-685
238,-783
238,-845
239,-97
239,-198
239,-542
239,-659
239,-737
239,-872
240,-111
240,-149
240,-246
240,-298
240,-369
240,-420
240,-453
240,-606
241,-136
241,-397
241,-633
241,-676
242,-75
242,-110
242,-224
242,-357
242,-452
242,-525
242,-736
242,-776
242,-910
243,-135
243,-297
243,-605
243,-819
244,-180
244,-451
244,-508
244,-658
244,-735
245,-349
245,-909
246,-98
246,-179
246,-198
246,-296
246,-339
246,-420
246,-450
246,-604
246,-657
246,-734
246,-769
246,-846
246,-871
247,-74
247,-131
247,-802
247,-813
248,-338
248,-449
248,-545
248,-573
248,-724
248,-908
249,-130
249,-177
249,-398
249,-835
250,-154
250,-224
250,-294
250,-498
250,-563
250,-654
250,-710
250,-799
251,-73
251,-97
251,-129
251,-251
251,-266
251,-280
251,-528
251,-868
251,-907
252,-115
252,-223
252,-328
252,-372
252,-383
252,-486
252,-698
253,-128
253,-168
253,-420
253,-446
253,-651
253,-831
253,-867
254,-96
254,-596
254,-686
254,-793
254,-906
255,-72
255,-222
255,-866
256,-154
256,-361
256,-516
256,-643
256,-685
256,-824
257,-221
257,-548
258,-71
258,-401
258,-590
258,-642
258,-684
258,-785
258,-900
259,-252
259,-578
259,-727
259,-816
259,-856
260,-70
260,-96
260,-117
260,-349
260,-446
260,-565
260,-614
260,-641
260,-774
260,-899
261,-130
261,-153
261,-211
261,-283
261,-300
261,-330
261,-421
261,-503
261,-847
262,-69
262,-488
262,-534
262,-744
262,-773
262,-809
263,-116
263,-152
263,-379
263,-716
263,-898
264,-187
264,-205
264,-272
264,-395
264,-487
264,-564
264,-837
265,-68
265,-115
265,-378
265,-634
265,-677
265,-715
265,-804
266,-177
266,-420
266,-521
266,-763
266,-897
267,-67
267,-97
267,-114
267,-148
267,-446
267,-485
267,-552
267,-633
267,-714
267,-829
268,-330
268,-350
268,-369
268,-612
268,-667
268,-801
269,-66
269,-113
269,-419
269,-520
269,-632
269,-713
269,-861
269,-876
270,-255
270,-301
270,-584
270,-849
270,-896
271,-143
271,-272
271,-480
271,-551
271,-599
271,-712
271,-746
271,-799
271,-825
272,-176
272,-205
272,-417
272,-519
272,-662
273,-65
273,-97
273,-231
273,-711
273,-847
273,-895
274,-140
274,-416
274,-472
274,-550
274,-570
274,-695
274,-764
274,-797
275,-96
275,-175
275,-204
275,-249
275,-295
275,-330
275,-400
276,-370
276,-471
276,-515
276,-632
276,-658
276,-796
276,-894
277,-95
277,-116
277,-139
277,-693
277,-842
278,-64
278,-354
278,-389
278,-514
278,-784
278,-824
279,-94
279,-138
279,-163
279,-231
279,-617
279,-841
280,-203
280,-273
280,-388
280,-453
280,-467
280,-513
280,-587
281,-137
281,-295
281,-657
281,-688
281,-823
281,-876
281,-891
282,-63
282,-92
282,-272
282,-330
282,-605
282,-750
283,-552
283,-687
283,-766
283,-822
283,-865
284,-62
284,-329
284,-508
284,-570
285,-131
285,-355
285,-496
285,-686
286,-61
286,-88
286,-203
286,-254
286,-269
286,-418
286,-569
286,-653
286,-862
287,-120
287,-164
287,-452
287,-468
287,-634
287,-685
287,-786
287,-803
288,-60
288,-87
288,-184
288,-377
288,-390
288,-551
288,-652
288,-749
288,-817
288,-843
289,-163
289,-234
289,-492
289,-589
289,-684
289,-722
290,-651
290,-816
290,-858
291,-59
291,-162
291,-329
291,-412
291,-491
291,-550
291,-608
291,-683
291,-893
292,-203
292,-254
292,-300
292,-444
293,-117
293,-145
293,-411
293,-626
293,-682
293,-741
293,-842
294,-58
294,-133
294,-159
294,-299
294,-328
294,-377
294,-436
294,-489
294,-549
294,-786
294,-891
295,-88
295,-358
295,-772
295,-805
296,-57
296,-158
296,-202
296,-233
296,-466
296,-574
296,-651
296,-681
297,-111
297,-132
297,-298
297,-403
297,-434
297,-547
297,-771
297,-837
298,-485
298,-607
298,-680
298,-722
298,-859
299,-131
299,-460
299,-770
299,-819
299,-885
300,-87
300,-106
300,-278
300,-357
300,-397
300,-524
300,-539
300,-679
300,-721
300,-833
301,-130
301,-256
301,-431
301,-644
301,-805
302,-86
302,-156
302,-198
302,-294
302,-595
302,-678
302,-743
302,-858
302,-875
303,-58
303,-129
303,-233
303,-330
303,-356
303,-523
303,-720
303,-762
304,-85
304,-155
304,-197
304,-419
304,-628
304,-857
305,-804
305,-832
306,-126
306,-355
306,-384
306,-460
306,-486
306,-577
306,-719
307,-83
307,-196
307,-256
307,-278
307,-398
307,-414
307,-660
307,-673
307,-803
307,-831
307,-854
308,-459
309,-58
309,-109
309,-122
309,-354
309,-413
309,-645
309,-718
309,-802
310,-79
310,-195
310,-233
310,-575
310,-614
310,-762
310,-825
311,-353
311,-458
311,-597
311,-853
311,-902
312,-156
312,-330
312,-761
313,-75
313,-194
313,-256
313,-352
313,-515
313,-630
313,-799
314,-121
314,-155
314,-301
314,-456
314,-568
314,-852
314,-893
315,-58
315,-351
315,-400
315,-556
315,-662
316,-319
316,-442
316,-490
316,-712
317,-152
317,-233
317,-282
317,-350
317,-508
317,-789
318,-107
318,-189
318,-441
318,-757
318,-826
318,-849
318,-885
319,-57
319,-118
319,-349
319,-416
319,-549
319,-617
319,-705
320,-76
320,-144
320,-257
320,-281
320,-394
320,-440
320,-649
320,-682
320,-756
320,-884
321,-348
321,-535
321,-600
321,-697
321,-840
322,-98
322,-183
322,-393
322,-439
322,-648
322,-664
322,-755
322,-883
323,-56
323,-139
323,-232
323,-534
323,-789
323,-821
324,-182
324,-305
324,-578
324,-592
324,-754
324,-809
324,-882
325,-91
325,-321
325,-338
325,-392
325,-509
325,-533
325,-839
326,-119
326,-135
326,-181
326,-231
326,-281
326,-432
326,-492
326,-638
326,-733
326,-808
326,-881
327,-55
327,-532
327,-571
328,-78
328,-111
328,-134
328,-391
328,-418
328,-491
328,-620
328,-750
328,-837
328,-880
329,-159
329,-230
329,-531
329,-685
329,-727
330,-566
330,-619
330,-701
330,-712
330,-859
331,-158
331,-175
331,-262
331,-390
331,-489
331,-530
331,-790
332,-281
332,-473
332,-565
332,-665
332,-832
332,-875
333,-77
333,-93
333,-106
333,-133
333,-157
333,-221
333,-529
333,-809
334,-55
334,-341
334,-389
334,-432
334,-472
334,-654
335,-156
335,-309
335,-596
335,-685
335,-826
335,-858
336,-75
336,-214
336,-327
336,-471
336,-527
336,-615
336,-789
337,-125
337,-308
337,-359
337,-388
337,-595
338,-728
339,-153
339,-212
339,-263
339,-307
339,-423
339,-594
339,-645
339,-705
339,-752
339,-788
339,-825
340,-71
340,-105
340,-120
340,-282
340,-567
340,-855
341,-55
341,-378
341,-464
341,-520
341,-593
341,-644
341,-666
341,-685
341,-811
341,-824
342,-70
342,-452
342,-750
342,-787
342,-847
343,-148
343,-419
343,-721
344,-96
344,-119
344,-189
344,-203
344,-306
344,-451
344,-749
345,-54
345,-140
345,-346
345,-662
345,-775
345,-846
346,-95
346,-118
346,-179
346,-257
346,-748
346,-894
347,-242
347,-305
347,-364
347,-416
347,-439
347,-514
347,-568
347,-592
347,-706
347,-881
348,-94
348,-282
348,-500
348,-635
348,-747
349,-53
349,-342
349,-438
349,-567
349,-845
349,-880
350,-115
350,-173
350,-240
350,-304
350,-661
350,-746
350,-819
351,-91
351,-140
351,-341
351,-382
351,-397
351,-409
351,-437
351,-628
351,-831
351,-844
351,-879
352,-75
352,-164
352,-687
353,-52
353,-277
353,-303
353,-486
353,-564
353,-652
353,-812
353,-878
354,-88
354,-157
354,-436
354,-473
354,-535
354,-548
354,-592
354,-627
354,-706
354,-726
354,-742
355,-51
355,-207
355,-222
355,-235
355,-485
355,-563
355,-686
355,-792
356,-139
356,-302
356,-462
357,-273
357,-382
357,-435
357,-517
357,-626
357,-807
357,-874
358,-75
358,-116
358,-409
359,-199
359,-301
359,-788
359,-846
359,-873
360,-133
360,-157
360,-342
360,-371
360,-508
360,-665
360,-836
361,-51
361,-114
361,-189
361,-266
361,-432
361,-535
361,-624
361,-685
361,-787
361,-827
361,-872
362,-156
362,-300
362,-341
362,-402
362,-485
363,-74
363,-113
363,-176
363,-265
363,-431
363,-656
363,-726
363,-745
363,-786
363,-871
364,-92
364,-155
364,-565
364,-585
364,-597
364,-684
365,-73
365,-105
365,-299
365,-340
365,-430
365,-478
365,-822
365,-870
366,-226
366,-617
367,-51
367,-72
367,-371
367,-683
367,-812
368,-135
368,-148
368,-243
368,-257
368,-298
368,-339
368,-398
368,-429
368,-535
368,-580
368,-716
369,-509
369,-558
370,-70
370,-104
370,-219
370,-579
370,-744
370,-848
370,-866
371,-296
371,-338
371,-474
371,-616
371,-776
372,-69
372,-393
372,-578
372,-657
372,-668
372,-838
373,-51
373,-179
373,-195
373,-210
373,-426
373,-473
373,-499
373,-529
373,-811
374,-337
374,-577
374,-683
374,-767
374,-792
375,-68
375,-97
375,-125
375,-136
375,-162
375,-292
375,-472
375,-528
375,-557
375,-810
375,-828
375,-910
376,-150
376,-717
376,-737
376,-766
377,-336
377,-392
377,-420
377,-471
377,-809
377,-866
378,-67
378,-119
378,-278
378,-556
378,-608
378,-645
378,-716
378,-765
378,-909
379,-377
379,-419
379,-470
379,-658
379,-808
380,-50
380,-242
380,-256
380,-335
380,-607
381,-66
381,-110
381,-270
381,-376
381,-418
381,-469
381,-516
381,-715
381,-908
382,-150
382,-182
382,-503
382,-555
382,-639
382,-762
383,-65
383,-96
383,-215
383,-334
383,-417
383,-606
383,-672
383,-795
383,-857
384,-166
384,-201
384,-233
384,-375
384,-714
385,-95
385,-145
385,-688
385,-808
385,-845
385,-905
386,-50
386,-136
386,-297
386,-333
386,-533
386,-585
386,-605
386,-635
386,-671
386,-754
386,-892
387,-94
387,-124
387,-374
387,-413
387,-463
388,-296
388,-555
388,-708
388,-835
389,-93
389,-604
389,-884
390,-66
390,-116
390,-166
390,-200
390,-330
390,-373
390,-404
390,-662
390,-707
390,-749
390,-795
391,-92
391,-233
391,-455
391,-834
392,-50
392,-269
392,-320
392,-794
392,-874
393,-91
393,-136
393,-232
393,-257
393,-285
393,-372
393,-454
393,-508
393,-521
393,-661
394,-49
394,-160
394,-555
394,-793
394,-813
395,-189
395,-231
395,-453
395,-660
395,-872
396,-87
396,-150
396,-371
396,-538
396,-586
396,-604
396,-707
396,-828
397,-452
398,-130
398,-222
398,-585
398,-658
398,-694
398,-749
398,-786
398,-862
399,-69
399,-82
399,-119
399,-642
400,-49
400,-188
400,-221
400,-321
400,-486
400,-501
400,-584
400,-748
400,-775
400,-861
401,-304
401,-424
401,-907
402,-147
402,-287
402,-370
402,-409
402,-556
402,-641
402,-686
402,-828
402,-860
403,-118
403,-440
403,-582
403,-813
404,-163
404,-211
404,-262
404,-369
404,-408
404,-685
404,-745
404,-859
405,-68
405,-278
405,-356
405,-516
405,-530
405,-581
405,-640
406,-49
406,-142
406,-180
406,-343
406,-407
406,-799
406,-811
406,-900
407,-67
407,-112
407,-162
407,-580
407,-736
408,-86
408,-99
408,-322
408,-439
408,-457
408,-485
408,-546
408,-776
408,-791
408,-855
409,-136
409,-161
409,-261
409,-406
409,-898
410,-66
410,-98
410,-211
410,-321
410,-619
410,-633
410,-667
410,-712
411,-135
411,-160
411,-484
411,-507
411,-576
411,-680
411,-728
411,-897
412,-65
412,-260
412,-370
412,-437
412,-711
412,-851
413,-159
413,-306
413,-896
414,-198
414,-246
414,-369
414,-436
414,-710
414,-775
414,-835
415,-53
415,-127
415,-402
415,-482
415,-533
415,-564
415,-895
416,-116
416,-234
416,-347
416,-360
416,-813
417,-297
417,-774
417,-794
417,-894
418,-90
418,-155
418,-195
418,-233
418,-522
418,-669
418,-708
419,-66
419,-103
419,-323
419,-397
419,-552
419,-620
419,-758
419,-773
419,-834
419,-893
420,-194
420,-232
420,-289
420,-436
420,-476
420,-521
420,-807
421,-89
421,-619
421,-699
422,-54
422,-139
422,-151
422,-193
422,-288
422,-642
422,-656
422,-750
422,-833
423,-117
423,-322
423,-392
423,-434
423,-467
423,-513
423,-581
424,-222
424,-287
424,-374
424,-551
424,-618
424,-688
424,-889
425,-86
425,-132
425,-264
425,-349
425,-362
425,-832
425,-860
426,-116
426,-286
426,-321
426,-391
426,-466
426,-512
426,-744
426,-797
426,-876
427,-263
427,-429
427,-550
427,-578
427,-602
428,-69
428,-82
428,-285
428,-743
428,-796
429,-152
429,-181
429,-465
429,-549
429,-577
429,-674
429,-830
430,-57
430,-108
430,-168
430,-262
430,-776
430,-795
431,-424
431,-548
431,-741
432,-107
432,-167
432,-197
432,-375
432,-391
432,-500
432,-619
432,-660
432,-775
433,-145
433,-322
433,-363
433,-423
433,-691
433,-722
433,-740
433,-792
433,-821
434,-106
434,-239
434,-499
434,-709
435,-83
435,-134
435,-259
435,-352
435,-422
435,-465
435,-545
435,-649
435,-877
436,-71
436,-166
436,-225
436,-897
437,-103
437,-258
437,-446
437,-498
437,-648
437,-876
438,-60
438,-391
438,-521
438,-606
438,-775
439,-129
439,-445
439,-539
440,-98
440,-160
440,-222
440,-257
440,-322
440,-376
440,-497
440,-647
440,-691
440,-867
441,-148
441,-351
441,-422
441,-741
442,-196
442,-321
442,-681
442,-866
443,-85
443,-128
443,-368
443,-467
443,-496
443,-586
443,-625
443,-712
444,-195
444,-294
444,-421
444,-606
444,-644
444,-841
445,-73
445,-217
445,-350
445,-392
445,-585
445,-775
445,-798
445,-826
446,-147
446,-293
446,-445
446,-495
446,-731
446,-859
447,-248
447,-420
447,-539
447,-584
447,-774
447,-825
448,-66
448,-98
448,-146
448,-192
448,-292
448,-315
448,-349
448,-902
449,-123
449,-176
449,-247
449,-390
449,-538
449,-583
449,-680
450,-112
450,-145
450,-167
450,-419
450,-644
450,-712
450,-773
450,-901
451,-246
451,-291
451,-348
451,-492
451,-820
452,-86
452,-111
452,-144
452,-372
452,-565
452,-679
453,-386
453,-418
453,-469
453,-580
453,-858
453,-899
454,-290
454,-533
454,-628
454,-751
454,-765
455,-99
455,-137
455,-447
455,-488
455,-678
455,-707
455,-734
455,-815
456,-79
456,-417
456,-467
456,-532
456,-627
457,-194
457,-222
457,-238
457,-275
457,-889
458,-134
458,-337
458,-466
458,-531
458,-677
459,-71
459,-169
459,-180
459,-221
459,-373
459,-416
459,-618
459,-733
459,-804
459,-852
460,-98
460,-465
460,-530
460,-566
461,-127
461,-220
461,-803
461,-851
461,-881
462,-274
462,-329
462,-651
462,-732
463,-115
463,-126
463,-355
463,-369
463,-392
463,-617
463,-669
463,-770
464,-92
464,-328
464,-849
465,-161
465,-368
465,-519
465,-786
466,-216
466,-256
466,-298
466,-327
466,-411
466,-450
466,-587
466,-616
467,-85
467,-152
467,-565
467,-713
467,-728
467,-763
467,-838
467,-881
468,-173
468,-184
468,-199
468,-274
468,-326
468,-466
468,-509
468,-615
468,-803
469,-669
469,-907
470,-81
470,-110
470,-325
470,-392
470,-447
470,-564
470,-712
470,-829
471,-146
471,-252
471,-368
471,-500
471,-605
471,-880
472,-651
472,-828
473,-123
473,-134
473,-251
473,-323
473,-360
473,-441
473,-499
473,-536
473,-563
473,-604
474,-104
474,-217
474,-299
474,-879
475,-169
475,-391
475,-413
475,-498
475,-535
475,-650
475,-762
475,-788
476,-184
476,-249
476,-433
476,-562
476,-705
477,-162
477,-692
477,-878
478,-84
478,-99
478,-122
478,-147
478,-183
478,-204
478,-561
478,-649
478,-807
478,-858
479,-496
479,-529
479,-596
479,-784
480,-98
480,-146
480,-281
480,-299
480,-323
480,-759
480,-827
480,-877
481,-182
481,-241
481,-485
481,-648
481,-678
481,-744
482,-119
482,-362
482,-375
482,-387
482,-471
483,-181
483,-413
483,-528
483,-826
484,-140
484,-434
484,-448
484,-458
484,-736
484,-783
484,-858
485,-235
486,-97
486,-118
486,-164
486,-411
486,-527
486,-725
486,-825
487,-176
487,-323
487,-561
487,-627
487,-641
487,-695
487,-782
488,-88
488,-117
488,-222
488,-280
488,-300
488,-361
488,-713
489,-322
489,-615
490,-116
490,-140
490,-163
490,-208
490,-360
490,-402
490,-560
490,-599
490,-694
490,-781
490,-858
491,-279
491,-388
491,-489
491,-814
492,-262
492,-321
492,-359
492,-450
492,-598
492,-762
492,-857
492,-884
493,-156
493,-474
493,-559
494,-113
494,-382
494,-506
494,-519
494,-682
494,-778
495,-155
495,-203
495,-438
495,-856
496,-102
496,-191
496,-240
496,-257
496,-353
496,-463
496,-558
496,-757
497,-91
497,-437
498,-153
498,-181
498,-594
498,-643
498,-659
498,-731
498,-745
498,-855
499,-140
499,-321
499,-436
499,-536
499,-557
499,-832
500,-228
500,-306
500,-631
500,-674
500,-908
501,-179
501,-402
501,-419
501,-461
501,-492
501,-720
501,-816
502,-116
502,-204
502,-282
502,-382
502,-434
502,-556
502,-853
503,-137
503,-178
503,-353
503,-401
503,-491
503,-698
503,-815
504,-104
504,-203
504,-258
504,-281
504,-381
504,-623
504,-852
504,-902
505,-352
505,-400
505,-511
505,-524
505,-715
506,-131
506,-155
506,-176
506,-202
506,-228
506,-306
506,-380
506,-595
506,-814
506,-851
506,-892
507,-97
507,-280
507,-779
508,-130
508,-201
508,-351
508,-485
508,-660
508,-693
508,-850
509,-173
509,-250
509,-379
509,-556
509,-619
509,-764
509,-778
510,-129
510,-279
510,-484
510,-542
510,-677
510,-751
510,-797
510,-811
511,-117
511,-594
511,-618
512,-170
512,-342
512,-648
512,-742
513,-154
513,-278
513,-328
513,-541
513,-716
513,-846
514,-442
514,-481
514,-593
514,-647
514,-891
515,-153
515,-201
515,-404
515,-431
515,-467
515,-715
516,-112
516,-250
516,-276
516,-646
517,-102
517,-130
517,-152
517,-232
517,-381
517,-403
517,-466
517,-525
517,-890
518,-645
518,-677
518,-696
519,-129
519,-231
519,-402
519,-465
519,-513
519,-742
520,-195
520,-272
520,-316
520,-541
520,-644
520,-889
521,-151
521,-174
521,-586
521,-715
521,-778
521,-817
521,-845
522,-271
522,-400
522,-432
522,-464
522,-511
522,-803
523,-126
523,-188
523,-228
523,-332
523,-347
523,-623
523,-643
524,-215
524,-363
524,-399
524,-575
524,-768
525,-187
525,-380
525,-796
526,-118
526,-150
526,-315
526,-507
527,-209
527,-459
527,-568
527,-680
527,-743
527,-841
528,-108
528,-149
528,-398
528,-494
528,-699
528,-716
528,-795
528,-880
529,-208
529,-259
529,-314
529,-541
529,-567
529,-643
529,-742
529,-866
530,-175
530,-612
530,-768
531,-147
531,-207
531,-258
531,-452
531,-540
531,-566
531,-794
531,-836
531,-865
532,-602
532,-741
532,-897
533,-174
533,-190
533,-206
533,-232
533,-366
533,-441
533,-539
533,-793
533,-864
534,-138
534,-257
534,-350
534,-431
534,-494
534,-629
535,-129
535,-173
535,-309
535,-398
535,-538
535,-740
535,-792
535,-829
535,-863
536,-284
536,-384
536,-598
536,-700
537,-172
537,-231
537,-256
537,-424
537,-791
537,-862
538,-205
538,-343
538,-469
538,-483
538,-597
538,-646
538,-683
538,-719
539,-122
539,-171
539,-302
539,-790
539,-861
540,-204
540,-255
540,-342
540,-530
540,-682
541,-151
541,-418
541,-457
541,-516
541,-570
541,-596
541,-740
541,-789
541,-860
541,-899
542,-116
542,-341
543,-166
543,-254
543,-515
543,-631
543,-775
543,-859
544,-146
544,-230
544,-385
544,-448
544,-595
544,-832
545,-165
545,-198
545,-301
545,-371
545,-413
545,-673
546,-138
546,-229
546,-335
546,-441
546,-514
546,-720
547,-197
547,-594
547,-853
548,-137
548,-406
548,-485
548,-502
548,-707
548,-740
549,-433
549,-593
549,-667
550,-136
550,-195
550,-225
550,-249
550,-294
550,-327
550,-571
550,-632
550,-653
550,-831
550,-902
551,-592
551,-776
552,-135
552,-194
552,-293
552,-475
552,-556
553,-219
553,-248
553,-428
553,-591
553,-830
554,-120
554,-162
554,-186
554,-292
554,-372
554,-406
554,-546
554,-901
555,-698
556,-177
556,-247
556,-291
556,-327
556,-391
556,-454
556,-545
556,-829
557,-160
557,-423
557,-470
557,-503
557,-653
557,-742
557,-900
558,-544
558,-690
558,-726
558,-859
559,-159
559,-218
559,-290
559,-422
559,-652
559,-899
560,-241
560,-365
560,-449
560,-522
560,-591
560,-689
561,-577
561,-633
561,-717
561,-804
561,-858
562,-138
562,-157
562,-327
562,-353
562,-390
562,-494
562,-541
562,-678
562,-822
563,-190
563,-234
563,-270
563,-281
563,-447
563,-632
563,-857
563,-893
564,-202
564,-215
564,-493
564,-781
564,-882
565,-389
565,-415
565,-446
566,-153
566,-182
566,-326
566,-521
566,-631
566,-881
567,-233
567,-414
567,-445
568,-126
568,-263
568,-352
568,-490
568,-576
569,-232
569,-630
569,-679
569,-857
570,-254
570,-324
570,-383
570,-443
570,-478
571,-216
571,-231
571,-293
571,-350
571,-544
571,-575
571,-629
571,-856
572,-152
572,-205
572,-280
572,-371
572,-661
572,-907
573,-195
573,-434
573,-881
574,-151
574,-178
574,-306
574,-348
574,-520
574,-574
574,-601
574,-616
574,-900
575,-275
575,-318
575,-433
575,-782
575,-880
576,-126
576,-190
576,-230
576,-844
577,-171
577,-519
577,-573
577,-879
578,-229
578,-255
578,-267
578,-294
578,-416
578,-430
578,-544
579,-343
579,-479
579,-842
580,-228
580,-371
580,-630
580,-777
580,-877
581,-217
581,-293
581,-332
581,-478
581,-500
581,-568
581,-863
582,-397
582,-412
582,-876
582,-903
583,-170
583,-208
583,-292
583,-386
583,-519
583,-567
584,-126
584,-254
584,-313
584,-323
584,-411
584,-477
584,-618
585,-169
585,-188
585,-281
585,-368
585,-452
585,-566
585,-772
585,-831
586,-199
586,-253
586,-357
587,-344
587,-385
587,-467
587,-647
588,-230
588,-252
588,-272
588,-518
588,-610
588,-724
588,-743
588,-876
589,-163
589,-447
589,-547
589,-903
590,-609
590,-646
590,-767
591,-224
591,-337
591,-546
591,-867
592,-126
592,-188
592,-213
592,-249
592,-295
592,-313
592,-382
592,-414
592,-439
592,-608
593,-328
593,-357
593,-404
593,-567
593,-719
593,-866
593,-900
594,-287
594,-312
594,-381
594,-438
594,-508
594,-545
594,-639
595,-204
595,-371
595,-607
595,-701
596,-245
596,-403
596,-464
596,-865
597,-187
597,-281
597,-310
597,-477
597,-893
598,-351
598,-402
598,-489
598,-504
598,-544
598,-688
598,-828
599,-186
599,-226
599,-273
599,-309
599,-604
600,-126
600,-240
600,-401
600,-460
600,-503
600,-526
600,-543
600,-864
600,-888
601,-343
601,-428
601,-592
602,-179
602,-219
603,-207
603,-268
603,-302
603,-334
603,-368
603,-427
603,-458
603,-502
603,-571
603,-823
604,-381
604,-398
604,-585
604,-642
605,-177
605,-426
605,-457
605,-480
605,-570
605,-907
606,-240
606,-261
606,-296
606,-333
606,-363
607,-393
607,-493
607,-569
607,-887
608,-126
608,-287
608,-818
609,-256
609,-356
609,-425
609,-451
609,-544
609,-568
609,-886
609,-904
610,-232
611,-207
611,-220
611,-255
611,-326
611,-480
611,-567
611,-641
612,-282
612,-315
612,-381
612,-609
612,-775
612,-868
612,-879
613,-254
613,-352
613,-479
613,-566
613,-813
614,-394
614,-421
614,-533
614,-687
615,-206
615,-307
615,-565
615,-598
615,-627
615,-904
616,-126
616,-278
616,-412
617,-232
617,-246
617,-348
617,-373
617,-463
617,-476
617,-564
617,-770
617,-903
618,-300
618,-338
618,-674
618,-808
619,-277
619,-408
619,-452
619,-519
620,-205
620,-299
620,-326
620,-735
620,-901
621,-185
621,-228
621,-276
621,-368
621,-387
621,-443
621,-508
621,-551
621,-644
621,-758
621,-890
622,-719
622,-880
623,-275
623,-386
623,-434
623,-507
624,-126
624,-247
624,-261
624,-320
624,-402
624,-477
624,-538
624,-867
625,-274
625,-364
625,-506
625,-619
625,-632
626,-340
626,-427
626,-466
626,-604
627,-245
627,-318
627,-353
627,-385
627,-505
628,-301
628,-569
628,-603
628,-902
629,-185
629,-244
629,-317
629,-420
629,-458
629,-864
630,-232
630,-383
631,-274
631,-450
631,-503
631,-602
631,-863
631,-892
632,-126
632,-340
632,-414
632,-537
632,-680
633,-316
633,-366
633,-380
633,-443
633,-559
634,-268
634,-600
634,-679
635,-300
635,-356
635,-409
636,-498
636,-724
636,-858
637,-185
637,-267
637,-315
637,-438
637,-533
637,-555
637,-905
638,-590
639,-235
639,-487
639,-554
639,-577
639,-674
639,-816
640,-126
640,-896
641,-486
641,-553
641,-853
642,-526
643,-515
644,-669
644,-770
644,-811
645,-185
645,-547
646,-510
646,-848
647,-486
647,-795
647,-908
648,-126
648,-538
649,-310
649,-664
649,-765
650,-899
651,-274
652,-442
652,-531
652,-586
653,-185
654,-530
655,-368
655,-739
656,-126
656,-244
657,-395
657,-415
657,-437
657,-512
657,-529
657,-664
658,-900
660,-363
660,-620
661,-185
661,-506
662,-484
662,-771
663,-663
664,-126
664,-244
664,-576
664,-900
665,-358
665,-740
665,-857
666,-319
668,-658
669,-185
670,-353
670,-617
670,-852
670,-900
672,-126
672,-244
672,-292
672,-317
672,-899
673,-740
673,-836
674,-817
675,-611
676,-489
677,-185
677,-815
678,-450
679,-735
680,-126
680,-244
681,-414
681,-436
681,-585
682,-810
684,-412
684,-485
684,-730
684,-901
685,-185
685,-531
685,-667
686,-553
686,-795
688,-126
688,-244
688,-580
689,-407
689,-725
